account,Jan,Feb,Mar,Apr,May,Jun
11, -12.36122477,-2.91715533,  -9.2285839, -3.28038470e+00,   7.83274866e+00,   6.60345170e+00
12,   1.02807510e+01,  -11.80338276, -12.36122477,   7.83274866e+00,   6.60345170e+00,4.05446271
13,  -1.38111935, -1.97490162, -14.04271136,   6.60345170e+00,-7.18536472,  -2.61145486
14,   1.22709118e+01, 9.46008875e+00,  -5.76711200e+00, 4.6383119,-7.06587155e+00,   3.32184902e+00