account,Jan,Feb,Mar,Apr,May,Jun
11, -12.36122477,-2.91715533,  -9.2285839, -3.28038470e+00,   7.83274866e+00,   6.60345170e+00
12,   1.02807510e+01,  -11.80338276, -12.36122477,   7.83274866e+00,   6.60345170e+00,4.05446271
13,  -1.38111935, -1.97490162, -14.04271136,   6.60345170e+00,-7.18536472,  -2.61145486
14,   1.22709118e+01, 9.46008875e+00,  -5.76711200e+00, 4.6383119,-7.06587155e+00,   3.32184902e+00
15,6.90104724e-01,1.20200814e+01,   4.96056252e-02,1.42484025e+00,4.99820097e+01,   9.64737293e+00,   16,1.61341607e+00,8.92177740e+00,1.41474731e+01,   8.30077323e+00,   1.53279914e+01,1.11006531e+01
17,1.94690193e+00,6.13651763e+00,   7.19476689e-01,1.46093014e+00,1.78432466e+01,   1.25625223e+01
18,1.23224016e+01,3.50424375e+00,2.24772614e+01,8.91682427e-01,2.47194964e+00,1.59850001e+01
19,4.43534661e+01,3.90157454e+00,5.52266252e-01,5.76350077e+00,3.46334971e-01, 3.01162806e+00
20,5.61078676e+00,1.08383123e+00,1.75045858e-01,2.73224064e+00,   2.62243944e+01,3.01162806e+00