account,Jan,Feb,Mar
11, -12.36122477,-2.91715533,  -9.2285839
12,   1.02807510e+01,  -11.80338276, -12.36122477
13,  -1.38111935, -1.97490162, -14.04271136
14,   1.22709118e+01, 9.46008875e+00,  -5.76711200e+00